{"accuracy": 0.7293744442575281, "f1_Baja_CaliforniaSur": 0.6876285630326183, "f1_Chiapas": 0.6576786619361379, "f1_Chihuahua": 0.6056572379367721, "f1_Coahuila": 0.5739750445632799, "f1_Estado_de_Mexico": 0.6091322017690652, "f1_Guanajuato": 0.5175438596491229, "f1_Guerrero": 0.6942148760330579, "f1_Hidalgo": 0.6490566037735849, "f1_Jalisco": 0.6020691395407519, "f1_Michoacan": 0.659589525831564, "f1_Morelos": 0.5344506517690876, "f1_Nayarit": 0.6380218889339279, "f1_Oaxaca": 0.5472154963680388, "f1_Puebla": 0.5670498084291188, "f1_Queretaro": 0.49557522123893805, "f1_QuintanaRoo": 0.8474549602706317, "f1_San_Luis_Potosi": 0.6584699453551912, "f1_Veracruz": 0.5992292870905588, "f1_Yucatan": 0.6714172604908947, "filename": "predictedReg.json", "macrof1": 0.6218647491585444, "macrof1accuracy": 0.4535722558208604, "macrorecall": 0.5382497882573373, "microf1": 0.7293744442575281, "quadratic_weighted_kappa": 0.6507316922137922}
