{"accuracy": 0.6975030293399018, "f1_1": 0.5674804237678489, "f1_2": 0.20732984293193718, "f1_3": 0.42659644502962474, "f1_4": 0.4099693838499809, "f1_5": 0.8338668467886405, "filename": "predictedPol.json", "macrof1": 0.4890485884736064, "macrof1accuracy": 0.34111287195474344, "macrorecall": 0.4613650830525165, "microf1": 0.6975030293399018, "quadratic_weighted_kappa": 0.6838201329200937}
