{"accuracy": 0.6862608444882363, "f1_Ajijic": 0.619227857683573, "f1_Atlixco": 0.5438202247191011, "f1_Bacalar": 0.6327403737896871, "f1_Bernal": 0.5925925925925926, "f1_Chiapa_de_Corzo": 0.7542857142857143, "f1_Cholula": 0.5777351247600768, "f1_Coatepec": 0.5983606557377049, "f1_Creel": 0.6042692939244664, "f1_Cuatro_Cienegas": 0.6436781609195402, "f1_Cuetzalan": 0.4377358490566038, "f1_Dolores_Hidalgo": 0.5191489361702127, "f1_Huasca_de_Ocampo": 0.6559714795008913, "f1_Isla_Mujeres": 0.7730907950446919, "f1_Ixtapan_de_la_Sal": 0.5834862385321101, "f1_Izamal": 0.6617647058823529, "f1_Loreto": 0.6930258099945085, "f1_Malinalco": 0.5505882352941176, "f1_Mazunte": 0.6146788990825688, "f1_Metepec": 0.4728789986091794, "f1_Orizaba": 0.6162927981109799, "f1_Palenque": 0.6412055079241361, "f1_Parras": 0.495114006514658, "f1_Patzcuaro": 0.6302250803858521, "f1_Real_de_Catorce": 0.6451612903225806, "f1_San_Cristobal_de_las_Casas": 0.5991742361684558, "f1_Sayulita": 0.6432272390821614, "f1_Tapalpa": 0.5052631578947369, "f1_Taxco": 0.6885245901639344, "f1_Teotihuacan": 0.7658495350803043, "f1_Tepotzotlan": 0.4037854889589905, "f1_Tepoztlan": 0.5609756097560976, "f1_Tequila": 0.640083945435467, "f1_Tequisquiapan": 0.4723779023218575, "f1_Tlaquepaque": 0.5758697261287935, "f1_TodosSantos": 0.65625, "f1_Tulum": 0.8066195246513456, "f1_Valladolid": 0.6198382290336313, "f1_Valle_de_Bravo": 0.5283018867924528, "f1_Xilitla": 0.6836935166994106, "f1_Zacatlan": 0.5811320754716981, "filename": "predictedTow.json", "macrof1": 0.6072011323119308, "macrof1accuracy": 0.41669836183459896, "macrorecall": 0.5363546043821428, "microf1": 0.6862608444882363, "quadratic_weighted_kappa": 0.648887694490597}
