{"accuracy": 0.7171661339549639, "f1_1.0": 0.588348579682234, "f1_2.0": 0.1819434872501723, "f1_3.0": 0.37949116333268595, "f1_4.0": 0.39207414509427935, "f1_5.0": 0.8507640067911715, "filename": "predictedPol.json", "macrof1": 0.4785242764301086, "macrof1accuracy": 0.3431814053309774, "macrorecall": 0.4536934459152038, "microf1": 0.7171661339549639, "quadratic_weighted_kappa": 0.693295316276679}
